name,group,year,amount1,amount2
A,ABC,1,168,10
A,ABC,2,169.68,10
A,ABC,3,176.4672,9
A,ABC,4,171.173184,9
A,ABC,5,184.86703872,8
B,ABC,1,137,17
B,ABC,2,132.89,18
B,ABC,3,126.2455,18
B,ABC,4,122.458135,18
B,ABC,5,127.3564604,18
X,XYZ,1,148,20
X,XYZ,2,158.36,20
X,XYZ,3,169.4452,19
X,XYZ,4,177.91746,17
X,XYZ,5,183.2549838,17